size,time_sec,operations,data_kb 
32,7.27e-05,64512,24 
64,0.0002518,520192,96 
128,0.0022616,4177920,384 
256,0.0196922,33488896,1536 
512,0.109029,268173312,6144 
