size,processes,time_sec,operations,data_kb
200,1,0.011527,15960000,937
200,2,0.006135,15960000,937
200,4,0.003302,15960000,937
400,1,0.094404,127840000,3750
400,2,0.048252,127840000,3750
400,4,0.025959,127840000,3750
800,1,0.749031,1023360000,15000
800,2,0.381167,1023360000,15000
800,4,0.204098,1023360000,15000
1200,1,1.527337,3454560000,33750
1200,2,0.743468,3454560000,33750
1200,4,0.566776,3454560000,33750
